<?xml version="1.0" encoding="UTF-8"?>
<!DOCTYPE eSummaryResult PUBLIC "-//NLM//DTD esummary v1 20060131//EN" "http://eutils.ncbi.nlm.nih.gov/eutils/dtd/20060131/esummary-v1.dtd">
<eSummaryResult>

<DocSum>
	<Id>75994447</Id>
	<Item Name="Caption" Type="String">NC_007414</Item>
	<Item Name="Title" Type="String">Escherichia coli O157:H7 EDL933 plasmid pO157, complete sequence</Item>
	<Item Name="Extra" Type="String">gi|75994447|ref|NC_007414.1||gnl|NCBI_GENOMES|18764[75994447]</Item>
	<Item Name="Gi" Type="Integer">75994447</Item>
	<Item Name="CreateDate" Type="String">2005/09/21</Item>
	<Item Name="UpdateDate" Type="String">2013/05/23</Item>
	<Item Name="Flags" Type="Integer">800</Item>
	<Item Name="TaxId" Type="Integer">155864</Item>
	<Item Name="Length" Type="Integer">92077</Item>
	<Item Name="Status" Type="String">live</Item>
	<Item Name="ReplacedBy" Type="String"></Item>
	<Item Name="Comment" Type="String"><![CDATA[  ]]></Item>
</DocSum>
</eSummaryResult>
