<?xml version="1.0" encoding="UTF-8"?>
<!DOCTYPE eSummaryResult PUBLIC "-//NLM//DTD esummary v1 20060131//EN" "http://eutils.ncbi.nlm.nih.gov/eutils/dtd/20060131/esummary-v1.dtd">
<eSummaryResult>

<DocSum>
	<Id>15829254</Id>
	<Item Name="Caption" Type="String">NC_002695</Item>
	<Item Name="Title" Type="String">Escherichia coli O157:H7 str. Sakai chromosome, complete genome</Item>
	<Item Name="Extra" Type="String">gi|15829254|ref|NC_002695.1||gnl|NCBI_GENOMES|176[15829254]</Item>
	<Item Name="Gi" Type="Integer">15829254</Item>
	<Item Name="CreateDate" Type="String">2001/10/02</Item>
	<Item Name="UpdateDate" Type="String">2014/05/20</Item>
	<Item Name="Flags" Type="Integer">800</Item>
	<Item Name="TaxId" Type="Integer">386585</Item>
	<Item Name="Length" Type="Integer">5498450</Item>
	<Item Name="Status" Type="String">live</Item>
	<Item Name="ReplacedBy" Type="String"></Item>
	<Item Name="Comment" Type="String"><![CDATA[  ]]></Item>
</DocSum>
</eSummaryResult>
